<?xml version="1.0" encoding="UTF-8"?>
<project-private xmlns="http://www.netbeans.org/ns/project-private/1">
    <editor-bookmarks xmlns="http://www.netbeans.org/ns/editor-bookmarks/1"/>
    <editor-bookmarks xmlns="http://www.netbeans.org/ns/editor-bookmarks/2" lastBookmarkId="0"/>
    <open-files xmlns="http://www.netbeans.org/ns/projectui-open-files/2">
        <group>
            <file>file:/C:/Users/vigne/OneDrive/Documents/NetBeansProjects/Cafe%20Management%20System/src/cafemanagementsystem/Home.java</file>
            <file>file:/C:/Users/vigne/OneDrive/Documents/NetBeansProjects/Cafe%20Management%20System/src/dao/UserDao.java</file>
            <file>file:/C:/Users/vigne/OneDrive/Documents/NetBeansProjects/Cafe%20Management%20System/src/dao/tables.java</file>
            <file>file:/C:/Users/vigne/OneDrive/Documents/NetBeansProjects/Cafe%20Management%20System/src/cafemanagementsystem/PlaceOrder.java</file>
            <file>file:/C:/Users/vigne/OneDrive/Documents/NetBeansProjects/Cafe%20Management%20System/src/cafemanagementsystem/Report.java</file>
            <file>file:/C:/Users/vigne/OneDrive/Documents/NetBeansProjects/Cafe%20Management%20System/src/dao/ProductDao.java</file>
        </group>
    </open-files>
</project-private>
